Rk,G,Date,Age,Tm,HOME,OPP,TOV,DRB,R,ORB,GS,MP,FG,FGA,FG%,3P,3PA,3P%,FT,FTA,FT%,TRB,AST,STL,BLK,PF,PTS,GmSc,+/-
1,1,2019-10-23,20-237,DAL,,WAS,6,8,W (+8),1,1,33:31,12,19,.632,4,9,.444,6,8,.750,9,3,2,0,4,34,24.3,0
2,2,2019-10-25,20-239,DAL,@,NOP,3,9,W (+7),1,1,37:41,10,19,.526,3,9,.333,2,2,1.000,10,10,2,0,1,25,24.7,+12
3,3,2019-10-27,20-241,DAL,,POR,4,11,L (-2),1,1,37:42,8,22,.364,2,11,.182,11,14,.786,12,9,3,0,4,29,23.3,+5
4,4,2019-10-29,20-243,DAL,@,DEN,4,2,W (+3),2,1,32:30,3,12,.250,1,6,.167,5,8,.625,4,5,2,0,1,12,6.7,-17
5,5,2019-11-01,20-246,DAL,,LAL,6,12,L (-9),1,1,38:08,10,23,.435,4,9,.444,7,8,.875,13,15,0,1,3,31,26.8,-4
6,6,2019-11-03,20-248,DAL,@,CLE,5,10,W (+20),4,1,33:33,9,17,.529,5,10,.500,6,6,1.000,14,15,0,0,2,29,31.2,+15
7,7,2019-11-06,20-251,DAL,,ORL,6,5,W (+1),2,1,37:26,10,21,.476,1,7,.143,6,7,.857,7,7,0,0,3,27,16.5,+6
8,8,2019-11-08,20-253,DAL,,NYK,8,13,L (-4),1,1,35:13,13,26,.500,3,11,.273,9,9,1.000,14,10,0,0,5,38,26.6,-5
9,9,2019-11-09,20-254,DAL,@,MEM,2,11,W (+16),3,1,28:41,9,16,.563,2,6,.333,4,5,.800,14,8,2,0,0,24,27.0,+1
10,10,2019-11-11,20-256,DAL,@,BOS,1,6,L (-10),0,1,33:47,11,21,.524,3,10,.300,9,10,.900,6,9,0,0,2,34,29.6,-17
11,11,2019-11-14,20-259,DAL,@,NYK,3,9,L (-3),1,1,35:32,10,23,.435,3,12,.250,10,13,.769,10,11,3,1,1,33,31.1,-3
12,12,2019-11-16,20-261,DAL,,TOR,7,12,W (+8),3,1,35:37,5,14,.357,1,5,.200,15,19,.789,15,7,2,0,1,26,21.8,+14
13,13,2019-11-18,20-263,DAL,,SAS,5,9,W (+7),2,1,35:15,14,27,.519,5,13,.385,9,13,.692,11,12,0,0,5,42,32.6,+11
14,14,2019-11-20,20-265,DAL,,GSW,5,9,W (+48),1,1,25:30,11,18,.611,6,10,.600,7,8,.875,10,11,4,0,3,35,35.3,+45
15,15,2019-11-22,20-267,DAL,,CLE,2,7,W (+42),0,1,28:29,11,18,.611,4,8,.500,4,4,1.000,7,14,0,0,2,30,30.9,+21
16,16,2019-11-24,20-269,DAL,@,HOU,5,6,W (+14),0,1,34:26,15,30,.500,5,14,.357,6,8,.750,6,10,2,1,3,41,30.5,+21
17,17,2019-11-26,20-271,DAL,,LAC,7,6,L (-15),2,1,34:31,4,14,.286,0,8,.000,14,16,.875,8,6,3,0,4,22,14.8,-7
18,18,2019-11-29,20-274,DAL,@,PHO,2,7,W (+7),2,1,37:33,12,24,.500,3,11,.273,15,18,.833,9,11,1,0,4,42,37.4,+3
19,19,2019-12-01,20-276,DAL,@,LAL,7,7,W (+14),2,1,32:41,10,23,.435,4,10,.400,3,3,1.000,9,10,3,0,1,27,21.0,+5
20,20,2019-12-03,20-278,DAL,@,NOP,4,16,W (+21),2,1,28:29,9,18,.500,5,12,.417,10,13,.769,18,5,0,0,0,33,28.5,+16
21,21,2019-12-04,20-279,DAL,,MIN,5,7,W (+7),0,1,31:39,8,22,.364,1,8,.125,5,8,.625,7,6,0,0,2,22,9.1,-16
22,22,2019-12-07,20-282,DAL,,NOP,2,6,W (+46),0,1,26:11,8,15,.533,2,8,.250,8,10,.800,6,9,1,0,2,26,24.2,+28
23,23,2019-12-08,20-283,DAL,,SAC,6,7,L (-4),0,1,35:02,10,24,.417,3,12,.250,4,5,.800,7,8,0,0,2,27,14.7,+4
24,24,2019-12-12,20-287,DAL,@,DET,3,11,W (+11),1,1,33:39,14,24,.583,6,13,.462,7,12,.583,12,11,0,0,2,41,35.7,+29
25,25,2019-12-14,20-289,DAL,,MIA,1,1,L (-4),0,1,1:40,0,1,.000,0,1,.000,2,2,1.000,1,0,0,0,0,2,0.6,-4
30,26,2019-12-26,20-301,DAL,,SAS,3,7,W (+4),3,1,32:39,9,23,.391,1,6,.167,5,8,.625,10,8,1,0,3,24,16.9,+3
31,27,2019-12-28,20-303,DAL,@,GSW,3,10,W (+20),2,1,30:05,8,16,.500,5,8,.625,10,10,1.000,12,15,2,0,0,31,36.9,+20
32,28,2019-12-29,20-304,DAL,@,LAL,6,3,L (-13),1,1,30:18,5,14,.357,0,6,.000,9,9,1.000,4,7,2,0,3,19,12.5,-13
33,29,2019-12-31,20-306,DAL,@,OKC,2,8,L (-5),2,1,40:14,12,29,.414,3,16,.188,8,12,.667,10,7,1,0,3,35,24.4,+1
34,30,2020-01-02,20-308,DAL,,BRK,4,9,W (+12),4,1,34:00,9,18,.500,5,8,.625,8,9,.889,13,7,0,1,4,31,27.1,+16
35,31,2020-01-04,20-310,DAL,,CHO,5,10,L (-3),2,1,43:02,14,32,.438,5,15,.333,6,6,1.000,12,10,2,0,4,39,29.0,-5
36,32,2020-01-06,20-312,DAL,,CHI,3,10,W (+8),1,1,34:22,14,24,.583,5,10,.500,5,9,.556,11,10,0,1,2,38,32.8,+8
37,33,2020-01-08,20-314,DAL,,DEN,6,7,L (-1),2,1,37:18,11,24,.458,1,7,.143,4,6,.667,9,10,0,0,2,27,17.5,+7
38,34,2020-01-10,20-316,DAL,,LAL,6,8,L (-15),2,1,32:04,8,19,.421,1,5,.200,8,13,.615,10,7,0,0,3,25,14.4,-13
39,35,2020-01-11,20-317,DAL,,PHI,5,7,W (+18),1,1,32:57,4,15,.267,1,3,.333,10,12,.833,8,12,0,0,3,19,14.3,+18
40,36,2020-01-14,20-320,DAL,@,GSW,3,7,W (+27),1,1,27:01,8,19,.421,2,9,.222,2,8,.250,8,2,1,0,3,20,8.5,+13
41,37,2020-01-15,20-321,DAL,@,SAC,6,15,W (+4),0,1,34:07,8,18,.444,0,5,.000,9,10,.900,15,17,0,0,3,25,24.4,+9
42,38,2020-01-17,20-323,DAL,,POR,3,6,W (+8),2,1,34:00,11,23,.478,8,12,.667,5,8,.625,8,7,1,0,2,35,27.4,+6
43,39,2020-01-21,20-327,DAL,,LAC,4,8,L (-3),2,1,35:11,12,26,.462,3,12,.250,9,14,.643,10,9,0,2,3,36,26.9,-6
44,40,2020-01-23,20-329,DAL,@,POR,3,5,W (+8),1,1,34:40,11,25,.440,2,11,.182,3,6,.500,6,9,2,0,4,27,18.6,+1
45,41,2020-01-25,20-331,DAL,@,UTA,4,6,L (-5),0,1,36:19,11,25,.440,2,10,.200,1,5,.200,6,7,2,0,2,25,14.2,0
46,42,2020-01-27,20-333,DAL,@,OKC,0,9,W (+10),2,1,33:16,10,24,.417,5,12,.417,4,7,.571,11,5,0,0,2,29,21.8,0
47,43,2020-01-28,20-334,DAL,,PHO,4,5,L (-29),1,1,25:15,7,15,.467,1,4,.250,6,7,.857,6,2,1,0,2,21,12.7,-26
55,44,2020-02-12,20-349,DAL,,SAC,4,11,W (+19),1,1,31:16,10,18,.556,3,7,.429,10,12,.833,12,8,0,0,3,33,28.0,+30
56,45,2020-02-21,20-358,DAL,@,ORL,6,10,W (+16),0,1,34:26,10,21,.476,4,8,.500,9,12,.750,10,8,1,1,0,33,25.4,+13
58,46,2020-02-24,20-361,DAL,,MIN,3,7,W (+16),2,1,25:13,7,16,.438,1,6,.167,5,8,.625,9,7,2,1,3,20,17.3,+1
59,47,2020-02-26,20-363,DAL,@,SAS,7,9,W (+6),1,1,37:09,10,25,.400,3,11,.273,3,4,.750,10,14,1,0,5,26,17.3,+14
60,48,2020-02-28,21-000,DAL,@,MIA,6,4,L (-8),0,1,38:11,7,17,.412,0,6,.000,9,9,1.000,4,10,0,0,4,23,14.5,+6
62,49,2020-03-02,21-003,DAL,@,CHI,4,5,L (-2),0,1,38:27,8,20,.400,1,8,.125,6,9,.667,5,9,1,0,3,23,14.6,+10
63,50,2020-03-04,21-005,DAL,,NOP,7,16,W (+4),1,1,40:57,9,20,.450,4,11,.364,8,13,.615,17,10,1,1,2,30,24.0,-5
64,51,2020-03-06,21-007,DAL,,MEM,1,4,W (+25),0,1,30:03,7,20,.350,2,8,.250,5,8,.625,4,6,2,0,1,21,14.6,-6
65,52,2020-03-08,21-009,DAL,,IND,3,9,L (-3),1,1,36:17,13,26,.500,4,13,.308,6,10,.600,10,8,2,0,3,36,28.2,+2
66,53,2020-03-10,21-011,DAL,@,SAS,5,6,L (-10),1,1,36:17,13,26,.500,6,13,.462,6,7,.857,7,8,2,0,3,38,28.5,-9
67,54,2020-03-11,21-012,DAL,,DEN,2,5,W (+16),1,1,39:32,10,22,.455,2,8,.250,6,11,.545,6,9,2,0,2,28,22.3,+3
68,55,2020-07-31,21-154,DAL,,HOU,8,11,L (-4),2,1,42:08,11,27,.407,1,9,.111,5,9,.556,13,10,1,1,6,28,14.9,0
69,56,2020-08-02,21-156,DAL,@,PHO,6,8,L (-2),0,1,38:11,11,20,.550,0,3,.000,18,19,.947,8,11,0,0,4,40,32.5,+3
70,57,2020-08-04,21-158,DAL,@,SAC,6,16,W (+4),4,1,43:31,12,24,.500,2,6,.333,8,11,.727,20,12,0,2,3,34,31.0,+3
71,58,2020-08-06,21-160,DAL,,LAC,4,3,L (-15),0,1,35:01,10,21,.476,6,13,.462,3,6,.500,3,6,0,0,2,29,17.4,-21
72,59,2020-08-08,21-162,DAL,,MIL,2,13,W (+4),1,1,41:34,12,24,.500,3,9,.333,9,10,.900,14,19,1,0,1,36,40.1,+12
74,60,2020-08-11,21-165,DAL,,POR,6,7,L (-3),1,1,34:40,8,19,.421,2,8,.250,7,9,.778,8,10,0,1,1,25,18.2,-3
75,61,2020-08-13,21-167,DAL,@,PHO,1,4,L (-26),1,1,13:14,5,9,.556,1,2,.500,7,7,1.000,5,0,1,0,2,18,14.8,-2
1,1,2020-12-23,21-299,DAL,@,PHO,1,6,L (-4),2,1,35:57,11,26,.423,0,6,.000,10,12,.833,8,5,0,0,2,32,22.3,-9
2,2,2020-12-25,21-301,DAL,@,LAL,3,4,L (-23),0,1,34:08,9,19,.474,2,5,.400,7,8,.875,4,7,0,1,0,27,20.7,-14
3,3,2020-12-27,21-303,DAL,@,LAC,2,9,W (+51),0,1,25:55,8,18,.444,0,5,.000,8,9,.889,9,8,1,0,0,24,21.5,+29
4,4,2020-12-30,21-306,DAL,,CHO,3,2,L (-19),0,1,24:04,4,10,.400,0,5,.000,4,7,.571,2,5,2,0,3,12,7.3,-27
5,5,2021-01-01,21-308,DAL,,MIA,5,14,W (+10),1,1,35:49,9,22,.409,3,10,.300,6,9,.667,15,7,0,1,2,27,18.7,+12
7,6,2021-01-04,21-311,DAL,@,HOU,8,14,W (+13),2,1,37:55,12,25,.480,3,10,.300,6,6,1.000,16,11,0,0,3,33,24.4,+28
8,7,2021-01-07,21-314,DAL,@,DEN,8,9,W (+7),0,1,43:17,13,22,.591,2,7,.286,10,15,.667,9,13,5,1,0,38,35.3,+14
9,8,2021-01-09,21-316,DAL,,ORL,6,9,W (+14),1,1,34:37,7,20,.350,3,9,.333,3,3,1.000,10,10,1,2,1,20,15.2,0
10,9,2021-01-13,21-320,DAL,@,CHO,4,11,W (+11),2,1,34:48,14,25,.560,5,9,.556,1,2,.500,13,9,2,4,3,34,32.3,+14
11,10,2021-01-15,21-322,DAL,@,MIL,3,10,L (-3),0,1,35:45,12,24,.500,1,7,.143,3,7,.429,10,13,0,0,4,28,21.9,-2
12,11,2021-01-17,21-324,DAL,,CHI,5,10,L (-16),6,1,37:30,13,30,.433,6,11,.545,4,6,.667,16,15,2,0,2,36,33.3,-7
13,12,2021-01-18,21-325,DAL,@,TOR,3,5,L (-23),2,1,34:34,4,11,.364,0,3,.000,7,8,.875,7,9,0,0,0,15,14.7,-10
14,13,2021-01-20,21-327,DAL,@,IND,3,12,W (+12),0,1,37:54,5,15,.333,0,3,.000,3,4,.750,12,12,0,1,0,13,13.8,+11
15,14,2021-01-22,21-329,DAL,@,SAS,2,9,W (+5),0,1,36:28,13,28,.464,4,12,.333,6,6,1.000,9,11,0,0,5,36,28.0,-6
16,15,2021-01-23,21-330,DAL,,HOU,3,5,L (-25),0,1,29:28,9,18,.500,1,6,.167,7,12,.583,5,8,0,1,0,26,19.8,-15
17,16,2021-01-25,21-332,DAL,,DEN,5,9,L (-4),2,1,39:03,11,23,.478,3,8,.375,10,10,1.000,11,16,4,1,3,35,37.1,+8
18,17,2021-01-27,21-334,DAL,@,UTA,4,4,L (-12),0,1,33:51,13,24,.542,2,7,.286,2,2,1.000,4,6,1,0,1,30,20.4,-7
19,18,2021-01-29,21-336,DAL,@,UTA,2,6,L (-19),0,1,32:15,8,17,.471,2,6,.333,7,10,.700,6,7,1,0,2,25,20.0,-27
20,19,2021-01-30,21-337,DAL,,PHO,4,8,L (-6),0,1,33:23,12,22,.545,3,7,.429,2,4,.500,8,7,0,0,3,29,19.7,+2
21,20,2021-02-01,21-339,DAL,,PHO,4,5,L (-1),0,1,38:18,7,19,.368,1,4,.250,10,11,.909,5,8,1,2,2,25,18.8,+8
22,21,2021-02-03,21-341,DAL,@,ATL,4,7,W (+6),1,1,37:50,8,20,.400,1,5,.200,10,10,1.000,8,14,2,1,1,27,27.1,+3
23,22,2021-02-04,21-342,DAL,,GSW,5,4,L (-31),2,1,32:26,8,20,.400,3,7,.429,8,9,.889,6,6,1,0,3,27,17.4,-28
24,23,2021-02-06,21-344,DAL,,GSW,7,6,W (+2),1,1,38:11,12,23,.522,7,12,.583,11,14,.786,7,11,1,0,3,42,32.5,+18
25,24,2021-02-08,21-346,DAL,,MIN,7,8,W (+5),0,1,37:06,9,22,.409,1,7,.143,7,9,.778,8,5,1,0,4,26,11.7,+4
26,25,2021-02-10,21-348,DAL,,ATL,5,10,W (+1),0,1,36:35,9,18,.500,2,7,.286,8,10,.800,10,10,1,2,4,28,24.0,+9
27,26,2021-02-12,21-350,DAL,,NOP,3,7,W (+13),1,1,40:01,17,30,.567,5,8,.625,7,9,.778,8,12,1,1,4,46,39.3,+13
28,27,2021-02-14,21-352,DAL,,POR,5,6,L (-3),1,1,36:21,14,20,.700,5,8,.625,11,12,.917,7,9,0,0,4,44,37.4,-10
29,28,2021-02-22,21-360,DAL,,MEM,4,7,W (+10),0,1,33:05,8,18,.444,3,10,.300,2,9,.222,7,5,2,1,1,21,12.7,+5
30,29,2021-02-23,21-361,DAL,,BOS,3,8,W (+3),2,1,37:53,11,23,.478,6,8,.750,3,4,.750,10,8,1,0,0,31,26.3,+5
31,30,2021-02-25,21-363,DAL,@,PHI,7,3,L (-14),0,1,29:25,6,13,.462,3,6,.500,4,6,.667,3,4,0,3,2,19,9.5,-20
32,31,2021-02-27,21-365,DAL,@,BRK,1,6,W (+17),0,1,33:43,11,21,.524,3,10,.300,2,6,.333,6,7,2,0,2,27,22.0,+21
33,32,2021-03-01,22-001,DAL,@,ORL,4,9,W (+6),1,1,37:27,12,22,.545,5,10,.500,4,6,.667,10,9,0,0,0,33,27.3,+5
35,33,2021-03-10,22-010,DAL,,SAS,6,11,W (+11),1,1,38:57,9,20,.450,2,10,.200,2,3,.667,12,12,0,0,4,22,16.0,+18
37,34,2021-03-13,22-013,DAL,@,DEN,3,5,W (+13),0,1,32:48,7,16,.438,3,10,.300,4,6,.667,5,12,0,0,3,21,17.5,+9
38,35,2021-03-15,22-015,DAL,,LAC,7,10,L (-10),0,1,38:23,9,23,.391,4,11,.364,3,4,.750,10,16,2,0,5,25,19.3,-2
39,36,2021-03-17,22-017,DAL,,LAC,4,5,W (+16),1,1,42:48,16,28,.571,6,11,.545,4,5,.800,6,9,3,2,2,42,36.5,+29
40,37,2021-03-19,22-019,DAL,@,POR,4,9,L (-6),0,1,38:51,15,27,.556,4,13,.308,4,5,.800,9,9,1,0,1,38,30.3,-3
41,38,2021-03-21,22-021,DAL,@,POR,5,5,W (+40),2,1,29:36,13,19,.684,8,9,.889,3,6,.500,7,4,0,0,2,37,27.6,+24
42,39,2021-03-24,22-024,DAL,@,MIN,4,4,W (+20),0,1,27:03,6,16,.375,2,9,.222,1,2,.500,4,4,1,1,1,15,7.1,+7
45,40,2021-03-29,22-029,DAL,@,OKC,3,3,W (+21),0,1,27:39,9,17,.529,4,10,.400,3,4,.750,3,7,2,0,3,25,19.9,+6
46,41,2021-03-31,22-031,DAL,@,BOS,8,8,W (+5),0,1,34:40,11,15,.733,7,11,.636,7,11,.636,8,5,0,0,3,36,25.0,-2
47,42,2021-04-02,22-033,DAL,@,NYK,5,8,W (+13),0,1,35:02,11,23,.478,3,8,.375,1,4,.250,8,7,1,0,2,26,15.6,-7
48,43,2021-04-03,22-034,DAL,@,WAS,4,7,W (+22),1,1,32:20,12,24,.500,1,8,.125,1,4,.250,8,6,1,1,3,26,16.3,+14
49,44,2021-04-05,22-036,DAL,,UTA,4,7,W (+8),2,1,35:53,11,26,.423,6,11,.545,3,3,1.000,9,8,0,0,2,31,21.5,+4
50,45,2021-04-07,22-038,DAL,@,HOU,5,7,L (-9),2,1,37:27,9,26,.346,1,9,.111,4,5,.800,9,5,1,1,5,23,9.7,-7
51,46,2021-04-08,22-039,DAL,,MIL,4,9,W (+15),0,1,36:55,11,20,.550,3,8,.375,2,5,.400,9,9,0,1,3,27,20.7,+18
52,47,2021-04-11,22-042,DAL,,SAS,5,3,L (-2),0,1,35:20,10,17,.588,2,8,.250,7,8,.875,3,7,1,0,2,29,21.7,-6
53,48,2021-04-12,22-043,DAL,,PHI,4,2,L (-18),2,1,33:01,10,20,.500,2,7,.286,10,11,.909,4,4,1,1,0,32,24.1,-17
54,49,2021-04-14,22-045,DAL,@,MEM,3,5,W (+1),0,1,34:16,10,20,.500,3,10,.300,6,9,.667,5,9,2,1,4,29,23.7,-4
55,50,2021-04-16,22-047,DAL,,NYK,3,8,L (-8),0,1,38:03,7,16,.438,2,9,.222,6,10,.600,8,19,0,1,3,22,24.2,+5
56,51,2021-04-18,22-049,DAL,,SAC,4,6,L (-14),2,1,35:50,14,27,.519,4,13,.308,5,10,.500,8,4,1,3,5,37,24.8,-20
57,52,2021-04-21,22-052,DAL,,DET,3,8,W (+10),2,1,33:00,10,22,.455,4,11,.364,6,10,.600,10,9,2,0,2,30,25.3,+10
58,53,2021-04-22,22-053,DAL,,LAL,5,8,W (+5),1,1,36:29,9,21,.429,3,9,.333,9,11,.818,9,8,3,0,5,30,22.8,-4
59,54,2021-04-24,22-055,DAL,,LAL,6,8,W (+15),0,1,38:57,6,15,.400,2,6,.333,4,5,.800,8,13,0,0,1,18,14.6,+26
60,55,2021-04-26,22-057,DAL,@,SAC,4,8,L (-7),0,1,37:54,8,20,.400,4,12,.333,4,6,.667,8,8,0,0,2,24,15.6,-19
61,56,2021-04-27,22-058,DAL,@,GSW,7,4,W (+30),2,1,28:06,15,23,.652,4,10,.400,5,5,1.000,6,8,2,0,3,39,30.9,+29
63,57,2021-05-01,22-062,DAL,,WAS,1,10,W (+1),2,1,39:13,12,23,.522,1,6,.167,6,11,.545,12,20,0,0,4,31,33.5,+6
64,58,2021-05-02,22-063,DAL,,SAC,6,6,L (-12),0,1,36:28,11,22,.500,1,7,.143,7,8,.875,6,6,2,0,4,30,19.0,+4
65,59,2021-05-04,22-065,DAL,@,MIA,7,11,W (+14),1,1,30:16,8,15,.533,5,10,.500,2,5,.400,12,8,0,0,1,23,16.7,+20
66,60,2021-05-06,22-067,DAL,,BRK,6,9,W (+4),1,1,35:37,7,22,.318,5,13,.385,5,10,.500,10,8,2,0,0,24,14.4,+7
67,61,2021-05-07,22-068,DAL,,CLE,3,7,W (+20),1,1,23:09,8,17,.471,1,5,.200,7,7,1.000,8,1,0,1,4,24,14.9,+7
68,62,2021-05-09,22-070,DAL,@,CLE,1,4,W (+27),1,1,21:37,5,11,.455,0,2,.000,5,7,.714,5,5,2,0,2,15,14.1,+4
69,63,2021-05-11,22-072,DAL,@,MEM,5,4,L (-29),1,1,25:30,4,16,.250,0,4,.000,4,4,1.000,5,5,0,0,1,12,2.4,-23
70,64,2021-05-12,22-073,DAL,,NOP,4,7,W (+18),1,1,31:16,12,24,.500,7,15,.467,2,2,1.000,8,8,0,0,1,33,25.0,+24
71,65,2021-05-14,22-075,DAL,,TOR,1,9,W (+4),1,1,34:13,7,19,.368,1,8,.125,5,5,1.000,10,11,0,1,4,20,18.7,-5
72,66,2021-05-16,22-077,DAL,@,MIN,4,6,L (-15),0,1,20:44,6,13,.462,2,7,.286,4,5,.800,6,6,2,0,1,18,14.5,-15
1,1,2021-10-21,22-235,DAL,@,ATL,5,11,L (-26),0,1,35:24,6,17,0.353,2,7,0.286,4,4,1,11,7,1,0,1,18,12.3,-24
2,2,2021-10-23,22-237,DAL,@,TOR,5,9,W (+8),0,1,38:53,11,24,0.458,2,10,0.2,3,5,0.6,9,12,0,1,3,27,19.4,1
3,3,2021-10-26,22-240,DAL,,HOU,4,12,W (+10),2,1,34:16,10,25,0.4,1,6,0.167,5,5,1,14,7,2,1,3,26,19.9,15
4,4,2021-10-28,22-242,DAL,,SAS,7,3,W (+5),0,1,34:20,11,19,0.579,3,8,0.375,0,3,0,3,5,0,1,3,25,11.8,-19
5,5,2021-10-29,22-243,DAL,@,DEN,2,6,L (-31),0,1,26:25,5,18,0.278,1,4,0.25,5,5,1,6,4,2,0,1,16,9.6,-32
6,6,2021-10-31,22-245,DAL,,SAC,3,8,W (+6),0,1,35:12,10,21,0.476,1,7,0.143,2,6,0.333,8,10,1,1,3,23,17.6,5
7,7,2021-11-02,22-247,DAL,,MIA,3,1,L (-15),2,1,35:33,10,24,0.417,3,9,0.333,10,12,0.833,3,5,0,0,2,33,20.8,-13
8,8,2021-11-03,22-248,DAL,@,SAS,4,12,W (+1),0,1,36:11,10,25,0.4,3,12,0.25,0,2,0,12,7,2,0,1,23,14.8,-17
9,9,2021-11-06,22-251,DAL,,BOS,6,8,W (+3),1,1,35:04,12,21,0.571,5,10,0.5,4,4,1,9,5,0,1,4,33,22.8,10
10,10,2021-11-08,22-253,DAL,,NOP,5,3,W (+16),2,1,33:16,10,21,0.476,2,5,0.4,3,5,0.6,5,5,1,1,3,25,14.8,-2
11,11,2021-11-10,22-255,DAL,@,CHI,4,7,L (-10),1,1,33:25,6,18,0.333,1,6,0.167,7,10,0.7,8,10,4,1,0,20,19.1,-20
12,12,2021-11-12,22-257,DAL,@,SAS,2,12,W (+14),0,1,36:26,11,23,0.478,6,13,0.462,4,8,0.5,12,15,2,0,2,32,32,6
13,13,2021-11-15,22-260,DAL,,DEN,4,7,W (+10),1,1,37:33,9,23,0.391,2,7,0.286,3,5,0.6,8,11,2,1,3,23,17.7,4
17,14,2021-11-23,22-268,DAL,@,LAC,6,8,W (+8),1,1,41:09,9,21,0.429,4,11,0.364,4,4,1,9,9,1,2,4,26,19.1,7
18,15,2021-11-27,22-272,DAL,,WAS,4,4,L (-6),0,1,36:47,13,25,0.52,3,9,0.333,4,7,0.571,4,10,0,0,3,33,22.5,-11
19,16,2021-11-29,22-274,DAL,,CLE,4,8,L (-18),2,1,33:10,9,21,0.429,7,11,0.636,0,4,0,10,10,1,0,2,25,19.3,-20
20,17,2021-12-01,22-276,DAL,@,NOP,8,3,W (+32),1,1,27:27,11,16,0.688,2,5,0.4,4,4,1,4,14,1,0,1,28,25.2,29
21,18,2021-12-03,22-278,DAL,,NOP,7,9,L (-16),1,1,34:51,7,20,0.35,0,6,0,7,9,0.778,10,7,0,0,4,21,8.7,-10
23,19,2021-12-07,22-282,DAL,,BRK,1,5,L (-3),1,1,36:33,9,21,0.429,3,11,0.273,7,8,0.875,6,9,0,0,5,28,22,-2
24,20,2021-12-08,22-283,DAL,@,MEM,9,8,W (+8),0,1,35:55,10,19,0.526,5,10,0.5,1,2,0.5,8,7,1,0,1,26,15.2,18
25,21,2021-12-10,22-285,DAL,@,IND,3,7,L (-13),2,1,36:53,11,25,0.44,1,8,0.125,4,4,1,9,9,1,1,4,27,20.8,-9
36,22,2022-01-02,22-308,DAL,@,OKC,7,9,W (+9),0,1,31:27,6,14,0.429,2,6,0.333,0,0,,9,10,1,0,1,14,9.9,-4
37,23,2022-01-03,22-309,DAL,,DEN,3,8,W (+14),0,1,33:55,7,18,0.389,1,6,0.167,6,8,0.75,8,15,4,0,5,21,22.3,25
38,24,2022-01-05,22-311,DAL,,GSW,6,7,W (+17),0,1,34:14,7,18,0.389,2,8,0.25,10,12,0.833,7,8,2,0,1,26,18.7,2
40,25,2022-01-09,22-315,DAL,,CHI,4,14,W (+14),0,1,35:24,8,23,0.348,2,6,0.333,4,4,1,14,14,0,0,1,22,18.7,26
41,26,2022-01-12,22-318,DAL,@,NYK,6,10,L (-23),1,1,36:20,8,23,0.348,1,9,0.111,4,6,0.667,11,5,2,0,2,21,9.7,-24
42,27,2022-01-14,22-320,DAL,@,MEM,6,12,W (+27),1,1,31:45,12,22,0.545,0,6,0,3,4,0.75,13,10,0,0,2,27,20.5,12
43,28,2022-01-15,22-321,DAL,,ORL,1,8,W (+16),1,1,31:23,7,19,0.368,1,6,0.167,8,9,0.889,9,3,0,0,3,23,15.1,20
44,29,2022-01-17,22-323,DAL,,OKC,2,9,W (+2),2,1,38:40,4,17,0.235,0,6,0,12,14,0.857,11,12,3,3,2,20,23.7,12
45,30,2022-01-19,22-325,DAL,,TOR,4,12,W (+4),2,1,42:16,13,24,0.542,4,10,0.4,11,12,0.917,14,7,1,0,2,41,35.1,7
46,31,2022-01-20,22-326,DAL,,PHO,8,7,L (-8),1,1,38:08,9,23,0.391,2,9,0.222,8,11,0.727,8,8,1,0,1,28,15.3,-7
47,32,2022-01-23,22-329,DAL,,MEM,5,9,W (+13),2,1,37:59,13,25,0.52,2,7,0.286,9,12,0.75,11,9,3,1,2,37,31.8,15
48,33,2022-01-25,22-331,DAL,@,GSW,2,7,L (-38),1,1,26:46,7,17,0.412,4,7,0.571,7,7,1,8,3,0,0,3,25,17.6,-19
49,34,2022-01-26,22-332,DAL,@,POR,3,10,W (+20),0,1,37:19,4,11,0.364,2,6,0.333,5,8,0.625,10,15,1,0,1,15,18.8,11
50,35,2022-01-29,22-335,DAL,,IND,1,5,W (+27),1,1,31:45,12,21,0.571,4,9,0.444,2,7,0.286,6,12,1,2,0,30,30.1,34
51,36,2022-01-30,22-336,DAL,@,ORL,6,12,L (-2),0,1,37:34,13,22,0.591,4,9,0.444,4,6,0.667,12,11,1,0,3,34,28.1,11
52,37,2022-02-02,22-339,DAL,,OKC,3,5,L (-6),1,1,42:48,16,33,0.485,5,13,0.385,3,4,0.75,6,10,3,0,3,40,30.9,-17
53,38,2022-02-04,22-341,DAL,,PHI,3,10,W (+9),3,1,40:26,13,28,0.464,1,6,0.167,6,9,0.667,13,15,2,0,1,33,31.6,19
54,39,2022-02-06,22-343,DAL,,ATL,1,7,W (+9),3,1,27:42,6,17,0.353,1,3,0.333,5,6,0.833,10,11,1,0,5,18,18,10
55,40,2022-02-08,22-345,DAL,,DET,5,7,W (+30),0,1,32:52,9,18,0.5,5,9,0.556,10,14,0.714,7,11,1,2,3,33,28.4,35
56,41,2022-02-10,22-347,DAL,,LAC,7,9,W (+7),0,1,39:48,17,26,0.654,7,14,0.5,10,14,0.714,9,6,1,1,4,51,38,9
57,42,2022-02-12,22-349,DAL,,LAC,7,15,L (-2),0,1,39:27,15,33,0.455,6,13,0.462,9,13,0.692,15,8,0,0,2,45,28.6,8
58,43,2022-02-15,22-352,DAL,@,MIA,3,9,W (+8),1,1,38:07,5,19,0.263,2,7,0.286,9,12,0.75,10,6,0,1,3,21,12.6,3
59,44,2022-02-17,22-354,DAL,@,NOP,5,14,W (+7),1,1,38:02,17,35,0.486,7,14,0.5,8,12,0.667,15,8,0,1,3,49,34.7,21
60,45,2022-02-25,22-362,DAL,@,UTA,4,5,L (-5),2,1,35:08,8,24,0.333,3,9,0.333,4,4,1,7,11,1,0,5,23,15,-16
61,46,2022-02-27,22-364,DAL,@,GSW,9,10,W (+6),1,1,36:36,10,21,0.476,3,9,0.333,11,12,0.917,11,2,2,1,2,34,20.9,-5
62,47,2022-03-01,23-001,DAL,@,LAL,6,7,W (+5),1,1,37:47,9,21,0.429,0,5,0,7,11,0.636,8,5,1,2,1,25,14.6,-4
63,48,2022-03-03,23-003,DAL,,GSW,6,8,W (+9),2,1,40:24,15,26,0.577,4,10,0.4,7,9,0.778,10,9,2,0,1,41,33.7,8
65,49,2022-03-07,23-007,DAL,,UTA,3,15,W (+8),1,1,37:44,12,23,0.522,5,11,0.455,6,7,0.857,16,7,3,1,3,35,32.9,5
66,50,2022-03-09,23-009,DAL,,NYK,2,3,L (-30),3,1,34:02,12,25,0.48,3,11,0.273,4,7,0.571,6,4,1,1,3,31,21.4,-19
67,51,2022-03-11,23-011,DAL,@,HOU,5,13,W (+13),1,1,35:42,9,19,0.474,5,11,0.455,7,10,0.7,14,6,0,2,1,30,23.9,16
68,52,2022-03-13,23-013,DAL,@,BOS,5,8,W (+3),0,1,38:41,8,16,0.5,4,10,0.4,6,6,1,8,8,3,0,0,26,24,7
69,53,2022-03-16,23-016,DAL,@,BRK,4,9,W (+2),0,1,38:46,14,26,0.538,5,12,0.417,4,4,1,9,9,2,1,2,37,31.3,-4
70,54,2022-03-18,23-018,DAL,@,PHI,6,6,L (-10),1,1,34:55,5,20,0.25,2,10,0.2,5,9,0.556,7,10,0,1,0,17,7.6,-15
71,55,2022-03-19,23-019,DAL,@,CHO,4,4,L (-21),0,1,29:52,13,20,0.65,8,12,0.667,3,5,0.6,4,3,0,0,2,37,25.9,-30
72,56,2022-03-21,23-021,DAL,,MIN,8,6,W (+2),0,1,37:49,5,17,0.294,3,11,0.273,2,4,0.5,6,10,1,0,4,15,4.5,-7
74,57,2022-03-25,23-025,DAL,@,MIN,3,10,L (-21),0,1,36:41,8,18,0.444,5,11,0.455,3,5,0.6,10,8,1,0,0,24,20.4,-22
75,58,2022-03-27,23-027,DAL,,UTA,3,9,W (+14),1,1,32:42,11,21,0.524,4,7,0.571,6,9,0.667,10,5,0,0,3,32,23.2,9
76,59,2022-03-29,23-029,DAL,,LAL,1,9,W (+18),3,1,29:39,12,23,0.522,4,12,0.333,6,7,0.857,12,12,1,0,1,34,35.1,21
77,60,2022-03-30,23-030,DAL,@,CLE,3,9,W (+8),0,1,37:50,14,26,0.538,3,6,0.5,4,4,1,9,13,1,2,1,35,33.2,14
78,61,2022-04-01,23-032,DAL,@,WAS,5,7,L (-32),0,1,36:17,11,22,0.5,4,9,0.444,10,10,1,7,6,0,1,3,36,25.8,-22
79,62,2022-04-03,23-034,DAL,@,MIL,6,8,W (+6),0,1,39:04,9,22,0.409,3,9,0.333,11,14,0.786,8,15,3,0,2,32,28.1,8
80,63,2022-04-06,23-037,DAL,@,DET,6,7,W (+18),1,1,33:57,8,21,0.381,2,11,0.182,8,13,0.615,8,14,1,0,4,26,18.5,17
81,64,2022-04-08,23-039,DAL,,POR,5,11,W (+50),0,1,29:36,12,21,0.571,7,14,0.5,8,11,0.727,11,7,0,1,0,39,31.8,41
82,65,2022-04-10,23-041,DAL,,SAS,4,7,W (+10),1,1,28:45,8,18,0.444,2,5,0.4,8,8,1,8,9,2,1,1,26,24,19
1,1,2022-10-19,23-233,DAL,@,PHO,4,9,L (-2),0,1,36:40,10,23,.435,2,10,.200,13,13,1.000,9,6,1,0,3,35,25.6,-16
2,2,2022-10-22,23-236,DAL,,MEM,3,5,W (+41),2,1,29:58,12,23,.522,4,9,.444,4,5,.800,7,10,2,2,2,32,29.8,+31
3,3,2022-10-25,23-239,DAL,@,NOP,3,8,L (-2),3,1,36:19,16,30,.533,2,13,.154,3,5,.600,11,7,2,1,3,37,29.5,+6
4,4,2022-10-27,23-241,DAL,@,BRK,5,10,W (+4),1,1,40:30,14,28,.500,2,6,.333,11,13,.846,11,14,3,0,2,41,36.9,+20
5,5,2022-10-29,23-243,DAL,,OKC,3,14,L (-6),2,1,40:00,8,23,.348,0,6,.000,15,19,.789,16,10,1,0,6,31,24.7,-25
6,6,2022-10-30,23-244,DAL,,ORL,0,3,W (+9),0,1,36:55,17,26,.654,2,9,.222,8,14,.571,3,5,1,0,3,44,34.4,+13
7,7,2022-11-02,23-247,DAL,,UTA,5,5,W (+3),0,1,35:28,12,20,.600,2,6,.333,7,10,.700,5,11,2,0,3,33,27.6,-3
8,8,2022-11-04,23-249,DAL,,TOR,4,7,W (+1),1,1,36:33,10,15,.667,3,6,.500,12,14,.857,8,6,3,1,4,35,32.8,+8
9,9,2022-11-07,23-252,DAL,,BRK,5,6,W (+2),0,1,38:25,11,22,.500,5,9,.556,9,12,.750,6,6,2,1,5,36,25.5,+1
10,10,2022-11-09,23-254,DAL,@,ORL,0,6,L (-7),0,1,35:25,9,29,.310,2,11,.182,4,7,.571,6,6,3,2,3,24,15.3,-3
11,11,2022-11-10,23-255,DAL,@,WAS,5,9,L (-8),0,1,39:10,8,21,.381,3,8,.375,3,9,.333,9,6,2,0,2,22,11.2,-6
12,12,2022-11-12,23-257,DAL,,POR,2,10,W (+5),3,1,37:41,13,22,.591,1,5,.200,15,18,.833,13,10,2,1,3,42,42.2,+6
13,13,2022-11-15,23-260,DAL,,LAC,3,9,W (+2),2,1,39:43,11,22,.500,2,5,.400,11,11,1.000,11,5,3,0,3,35,30.4,+4
15,14,2022-11-18,23-263,DAL,,DEN,2,11,W (+28),1,1,34:52,11,22,.500,2,7,.286,9,11,.818,12,11,1,0,1,33,31.5,+25
16,15,2022-11-20,23-265,DAL,,DEN,4,9,L (-1),0,1,35:39,7,16,.438,2,8,.250,6,10,.600,9,8,1,0,2,22,16.5,+1
17,16,2022-11-23,23-268,DAL,@,BOS,5,7,L (-13),1,1,39:36,17,28,.607,3,8,.375,5,9,.556,8,9,0,0,4,42,30.1,-13
18,17,2022-11-26,23-271,DAL,@,TOR,4,7,L (-5),0,1,42:43,8,15,.533,2,4,.500,6,9,.667,7,9,2,1,2,24,21.8,+2
19,18,2022-11-27,23-272,DAL,@,MIL,6,5,L (-9),0,1,35:05,10,20,.500,3,7,.429,4,9,.444,5,12,0,0,2,27,18.1,-10
20,19,2022-11-29,23-274,DAL,,GSW,5,10,W (+3),2,1,39:17,14,27,.519,4,9,.444,9,15,.600,12,12,4,1,3,41,36.6,+22
21,20,2022-12-01,23-276,DAL,@,DET,3,5,L (-6),0,1,41:02,13,25,.520,7,14,.500,2,6,.333,5,10,3,0,3,35,28.4,-13
22,21,2022-12-03,23-278,DAL,@,NYK,5,8,W (+21),0,1,29:28,11,21,.524,4,9,.444,4,4,1.000,8,7,1,3,2,30,24.3,+13
23,22,2022-12-05,23-280,DAL,,PHO,3,5,W (+19),1,1,29:25,12,20,.600,4,9,.444,5,7,.714,6,8,1,2,3,33,29.0,+20
24,23,2022-12-06,23-281,DAL,@,DEN,5,10,W (+1),0,1,37:20,5,17,.294,4,9,.444,8,9,.889,10,12,0,1,2,22,18.0,+7
25,24,2022-12-09,23-284,DAL,,MIL,1,5,L (-1),1,1,36:33,13,28,.464,3,11,.273,4,10,.400,6,11,2,0,2,33,26.3,+6
27,25,2022-12-12,23-287,DAL,,OKC,4,11,W (+7),0,1,36:59,13,27,.481,3,10,.300,9,10,.900,11,8,0,0,3,38,27.6,+1
28,26,2022-12-14,23-289,DAL,,CLE,5,3,L (-15),2,1,39:19,9,23,.391,2,8,.250,10,11,.909,5,6,1,1,4,30,18.7,-20
29,27,2022-12-16,23-291,DAL,,POR,4,6,W (+20),0,1,28:49,11,18,.611,5,9,.556,6,7,.857,6,9,0,0,3,33,27.3,+16
31,28,2022-12-19,23-294,DAL,@,MIN,4,5,L (-10),1,1,28:24,5,17,.294,3,8,.375,6,7,.857,6,7,1,0,2,19,12.0,-14
32,29,2022-12-21,23-296,DAL,@,MIN,4,8,W (+5),1,1,37:04,8,16,.500,1,5,.200,8,9,.889,9,10,3,0,1,25,25.3,+7
33,30,2022-12-23,23-298,DAL,@,HOU,7,8,W (+6),0,1,42:16,17,30,.567,6,12,.500,10,12,.833,8,10,3,0,3,50,39.2,0
34,31,2022-12-25,23-300,DAL,,LAL,3,6,W (+9),3,1,39:18,9,16,.563,2,3,.667,12,16,.750,9,9,2,0,5,32,30.0,+24
35,32,2022-12-27,23-302,DAL,,NYK,4,16,W (+5),5,1,47:09,21,31,.677,2,6,.333,16,22,.727,21,10,2,1,5,60,56.3,+7
36,33,2022-12-29,23-304,DAL,,HOU,2,11,W (+15),1,1,34:17,11,21,.524,4,9,.444,9,12,.750,12,13,1,2,1,35,36.6,+19
37,34,2022-12-31,23-306,DAL,@,SAS,0,5,W (+1),1,1,37:14,18,29,.621,6,10,.600,9,15,.600,6,9,4,1,3,51,47.5,+7
38,35,2023-01-02,23-308,DAL,@,HOU,4,10,W (+5),2,1,41:14,10,26,.385,1,9,.111,18,22,.818,12,8,1,0,2,39,29.4,+9
39,36,2023-01-05,23-311,DAL,,BOS,4,9,L (-29),0,1,31:06,7,23,.304,0,6,.000,9,11,.818,9,3,0,0,4,23,8.1,-20
40,37,2023-01-07,23-313,DAL,,NOP,7,10,W (+10),0,1,39:26,10,23,.435,3,6,.500,11,15,.733,10,10,0,1,4,34,22.4,+7
42,38,2023-01-10,23-316,DAL,@,LAC,3,11,L (-12),0,1,42:48,12,22,.545,3,9,.333,16,21,.762,11,7,2,0,2,43,36.8,-9
43,39,2023-01-12,23-318,DAL,@,LAL,5,12,W (+4),2,1,52:43,14,28,.500,4,9,.444,3,7,.429,14,13,1,1,5,35,28.2,+10
44,40,2023-01-14,23-320,DAL,@,POR,1,6,L (-17),0,1,35:33,7,19,.368,0,5,.000,1,6,.167,6,10,1,1,2,15,11.2,-17
46,41,2023-01-18,23-324,DAL,,ATL,7,4,L (-8),0,1,39:28,9,19,.474,2,8,.250,10,12,.833,4,8,0,0,3,30,18.1,-5
47,42,2023-01-20,23-326,DAL,,MIA,3,11,W (+25),1,1,37:50,12,24,.500,5,8,.625,5,8,.625,12,7,1,0,0,34,27.7,+29
48,43,2023-01-22,23-328,DAL,,LAC,4,7,L (-14),3,1,38:50,9,21,.429,3,7,.429,8,13,.615,10,4,1,0,3,29,18.7,-23
49,44,2023-01-24,23-330,DAL,,WAS,3,15,L (-1),0,1,37:46,16,29,.552,0,4,.000,9,12,.750,15,6,1,0,3,41,31.4,-2
50,45,2023-01-26,23-332,DAL,@,PHO,0,1,W (+4),0,1,3:21,0,2,.000,0,1,.000,0,0,,1,0,0,0,0,0,-1.1,-4
52,46,2023-01-30,23-336,DAL,,DET,4,8,W (+6),0,1,36:09,17,24,.708,5,11,.455,14,18,.778,8,5,2,0,2,53,44.5,+8
53,47,2023-02-02,23-339,DAL,,NOP,4,8,W (+5),0,1,22:54,12,19,.632,2,7,.286,5,8,.625,8,4,2,0,2,31,23.7,+17
58,48,2023-02-11,23-348,DAL,@,SAC,6,8,L (-5),1,1,41:00,11,20,.550,2,9,.222,3,5,.600,9,5,0,0,0,27,17.2,+2
59,49,2023-02-13,23-350,DAL,,MIN,4,11,L (-3),1,1,36:03,10,20,.500,2,7,.286,11,15,.733,12,6,1,0,3,33,25.4,-12
60,50,2023-02-15,23-352,DAL,@,DEN,2,3,L (-9),1,1,34:59,12,22,.545,3,8,.375,10,12,.833,4,9,4,0,1,37,35.1,-12
61,51,2023-02-23,23-360,DAL,,SAS,1,7,W (+26),0,1,30:21,8,16,.500,1,6,.167,11,12,.917,7,10,2,2,0,28,31.1,+8
62,52,2023-02-26,23-363,DAL,,LAL,6,9,L (-3),0,1,36:23,10,22,.455,4,8,.500,2,4,.500,9,5,1,0,3,26,13.8,-8
63,53,2023-02-28,24-000,DAL,,IND,2,7,L (-2),1,1,37:34,14,25,.560,3,9,.333,8,12,.667,8,6,0,1,3,39,30.0,-2
64,54,2023-03-02,24-002,DAL,,PHI,5,3,W (+7),1,1,39:47,13,22,.591,7,13,.538,9,11,.818,4,12,1,0,2,42,36.2,+20
65,55,2023-03-05,24-005,DAL,,PHO,5,9,L (-4),0,1,35:25,8,23,.348,1,9,.111,17,19,.895,9,4,0,0,4,34,19.2,-11
66,56,2023-03-07,24-007,DAL,,UTA,6,9,W (+4),1,1,34:26,10,23,.435,4,11,.364,5,8,.625,10,6,2,1,2,29,19.2,+2
67,57,2023-03-08,24-008,DAL,@,NOP,1,3,L (-7),0,1,27:49,4,14,.286,1,5,.200,6,8,.750,3,8,1,0,0,15,12.5,-4
73,58,2023-03-22,24-022,DAL,,GSW,5,6,L (-2),1,1,41:07,11,27,.407,2,10,.200,6,10,.600,7,17,1,0,3,30,23.1,+2
74,59,2023-03-24,24-024,DAL,,CHO,5,10,L (-8),0,1,37:06,12,23,.522,2,9,.222,8,10,.800,10,8,0,1,0,34,26.2,-1
75,60,2023-03-26,24-026,DAL,@,CHO,4,11,L (-6),1,1,40:00,12,29,.414,7,16,.438,9,10,.900,12,8,2,2,2,40,32.3,-11
76,61,2023-03-27,24-027,DAL,@,IND,0,5,W (+23),2,1,28:01,8,17,.471,4,10,.400,5,5,1.000,7,6,1,0,0,25,24.4,+9
77,62,2023-03-29,24-029,DAL,@,PHI,4,9,L (-8),1,1,37:10,9,20,.450,4,9,.444,2,2,1.000,10,8,0,1,3,24,18.1,-7
78,63,2023-04-01,24-032,DAL,@,MIA,3,10,L (-7),0,1,44:31,17,25,.680,2,6,.333,6,7,.857,10,8,2,0,4,42,36.9,-6
79,64,2023-04-02,24-033,DAL,@,ATL,5,7,L (-2),0,1,43:46,8,21,.381,3,12,.250,3,4,.750,7,7,0,1,2,22,12.0,-1
80,65,2023-04-05,24-036,DAL,,SAC,1,9,W (+4),1,1,38:44,9,19,.474,3,11,.273,8,10,.800,10,6,1,0,3,29,24.9,+12
81,66,2023-04-07,24-038,DAL,,CHI,0,5,L (-3),0,1,12:35,4,11,.364,0,5,.000,5,7,.714,5,3,0,0,1,13,9.3,+5
1,1,2023-10-25,24-239,DAL,@,SAS,4,12,W (+7),1,1,34:14,13,25,.520,3,11,.273,4,7,.571,13,10,2,0,1,33,28.4,+4
2,2,2023-10-27,24-241,DAL,,BRK,0,9,W (+5),1,1,36:02,16,25,.640,9,14,.643,8,10,.800,10,7,0,0,1,49,45.0,+9
3,3,2023-10-30,24-244,DAL,@,MEM,6,12,W (+15),0,1,40:00,11,22,.500,6,12,.500,7,10,.700,12,12,1,1,4,35,28.9,+6
4,4,2023-11-01,24-246,DAL,,CHI,6,7,W (+9),0,1,40:03,5,16,.313,1,8,.125,7,9,.778,7,10,2,1,2,18,13.0,+11
5,5,2023-11-03,24-248,DAL,@,DEN,9,7,L (-11),3,1,38:16,11,24,.458,6,11,.545,6,7,.857,10,8,0,1,2,34,21.9,-4
6,6,2023-11-05,24-250,DAL,,CHO,4,11,W (+6),1,1,36:25,8,19,.421,1,9,.111,6,7,.857,12,9,0,1,3,23,18.3,+3
7,7,2023-11-06,24-251,DAL,@,ORL,6,3,W (+15),0,1,35:09,9,17,.529,5,10,.500,6,6,1.000,3,6,2,0,2,29,21.0,+7
8,8,2023-11-08,24-253,DAL,,TOR,4,7,L (-11),0,1,38:24,11,26,.423,2,10,.200,7,10,.700,7,8,4,1,3,31,23.2,-7
9,9,2023-11-10,24-255,DAL,,LAC,1,6,W (+18),0,1,31:41,17,21,.810,6,9,.667,4,4,1.000,6,6,1,0,1,44,41.7,+32
10,10,2023-11-12,24-257,DAL,@,NOP,2,4,W (+12),0,1,27:59,11,18,.611,4,9,.444,4,5,.800,4,9,1,0,0,30,27.9,+14
11,11,2023-11-14,24-259,DAL,@,NOP,8,1,L (-21),1,1,26:15,5,16,.313,3,5,.600,3,5,.600,2,2,0,0,0,16,0.4,-26
12,12,2023-11-15,24-260,DAL,@,WAS,3,6,W (+13),1,1,32:25,7,18,.389,4,11,.364,8,12,.667,7,10,0,0,2,26,20.3,+12
13,13,2023-11-18,24-263,DAL,@,MIL,3,8,L (-7),1,1,35:19,15,26,.577,4,9,.444,1,4,.250,9,9,0,0,1,35,27.6,-17
14,14,2023-11-19,24-264,DAL,,SAC,2,9,L (-16),1,1,31:47,7,19,.368,3,7,.429,8,10,.800,10,7,3,0,0,25,23.0,-14
15,15,2023-11-22,24-267,DAL,@,LAL,0,12,W (+3),0,1,38:45,10,26,.385,3,12,.250,7,8,.875,12,8,2,0,2,30,25.8,-11
16,16,2023-11-25,24-270,DAL,@,LAC,4,3,L (-19),0,1,38:05,12,27,.444,1,8,.125,5,5,1.000,3,4,2,2,4,30,17.4,-14
17,17,2023-11-28,24-273,DAL,,HOU,0,9,W (+6),0,1,37:56,15,29,.517,3,10,.300,8,9,.889,9,9,2,0,3,41,36.1,+12
19,18,2023-12-02,24-277,DAL,,OKC,7,13,L (-6),2,1,45:59,11,22,.500,5,13,.385,9,14,.643,15,18,2,2,2,36,36.5,-7
20,19,2023-12-06,24-281,DAL,,UTA,4,8,W (+50),2,1,31:57,14,25,.560,6,12,.500,6,8,.750,10,11,1,0,2,40,35.0,+34
21,20,2023-12-08,24-283,DAL,@,POR,5,6,W (+13),0,1,41:09,11,28,.393,3,14,.214,7,8,.875,6,10,1,1,1,32,21.5,+13
22,21,2023-12-11,24-286,DAL,@,MEM,3,8,W (+7),0,1,43:53,9,21,.429,5,10,.500,12,13,.923,8,6,2,2,3,35,29.3,+3
23,22,2023-12-12,24-287,DAL,,LAL,4,6,W (+2),0,1,43:20,12,28,.429,3,10,.300,6,6,1.000,6,17,1,0,0,33,28.9,+10
24,23,2023-12-14,24-289,DAL,,MIN,8,5,L (-18),1,1,39:19,15,27,.556,2,7,.286,7,7,1.000,6,13,2,0,2,39,30.6,-12
25,24,2023-12-16,24-291,DAL,@,POR,4,10,W (+11),2,1,37:21,15,28,.536,4,12,.333,6,6,1.000,12,10,1,0,3,40,33.6,-4
26,25,2023-12-18,24-293,DAL,@,DEN,3,8,L (-26),3,1,36:22,13,24,.542,6,12,.500,6,10,.600,11,8,0,0,1,38,31.5,-29
27,26,2023-12-20,24-295,DAL,,LAC,5,8,L (-9),1,1,44:22,9,25,.360,2,11,.182,8,14,.571,9,10,1,0,1,28,17.4,-4
29,27,2023-12-23,24-298,DAL,,SAS,2,10,W (+25),2,1,31:37,13,27,.481,5,10,.500,8,11,.727,12,10,1,1,1,39,34.8,+37
30,28,2023-12-25,24-300,DAL,@,PHO,4,5,W (+14),1,1,43:31,15,25,.600,8,16,.500,12,12,1.000,6,15,4,3,2,50,52.5,+16
31,29,2023-12-27,24-302,DAL,,CLE,5,7,L (-3),0,1,36:36,14,29,.483,3,10,.300,8,10,.800,7,6,2,2,0,39,28.2,-9
33,30,2023-12-30,24-305,DAL,@,GSW,4,8,W (+10),0,1,37:31,14,29,.483,5,13,.385,6,7,.857,8,10,1,1,3,39,29.8,+9
34,31,2024-01-01,24-307,DAL,@,UTA,4,6,L (-37),0,1,33:44,6,20,.300,3,13,.231,4,6,.667,6,14,1,0,1,19,14.8,-17
35,32,2024-01-03,24-309,DAL,,POR,4,6,W (+29),0,1,30:32,13,21,.619,4,7,.571,11,14,.786,6,5,1,0,1,41,32.2,+23
37,33,2024-01-07,24-313,DAL,,MIN,3,6,W (+7),0,1,39:19,12,26,.462,5,12,.417,5,8,.625,6,8,1,0,3,34,23.6,+5
38,34,2024-01-09,24-315,DAL,,MEM,3,6,L (-17),0,1,35:54,9,21,.429,2,8,.250,11,15,.733,6,6,3,0,1,31,23.9,-14
42,35,2024-01-17,24-323,DAL,@,LAL,4,13,L (-17),0,1,36:12,12,24,.500,2,9,.222,7,9,.778,13,10,2,2,2,33,29.7,-15
43,36,2024-01-22,24-328,DAL,,BOS,3,13,L (-9),5,1,39:38,12,30,.400,2,8,.250,7,11,.636,18,13,2,0,5,33,28.7,-13
44,37,2024-01-24,24-330,DAL,,PHO,5,7,L (-23),1,1,38:32,11,24,.458,4,11,.364,8,12,.667,8,9,1,2,1,34,26.1,-22
45,38,2024-01-26,24-332,DAL,@,ATL,4,10,W (+5),0,1,44:43,25,33,.758,8,13,.615,15,16,.938,10,7,1,0,1,73,64.0,+13
46,39,2024-01-27,24-333,DAL,,SAC,3,8,L (-5),2,1,46:08,9,26,.346,1,9,.111,9,12,.750,10,17,2,1,3,28,26.4,+2
47,40,2024-01-29,24-335,DAL,,ORL,4,9,W (+2),0,1,43:00,12,23,.522,3,8,.375,18,21,.857,9,15,2,0,4,45,42.1,+3
49,41,2024-02-03,24-340,DAL,,MIL,9,8,L (-12),1,1,42:25,13,26,.500,4,12,.333,10,11,.909,9,11,1,0,4,40,27.8,-12
50,42,2024-02-05,24-342,DAL,@,PHI,3,8,W (+16),0,1,35:34,6,15,.400,4,10,.400,3,5,.600,8,3,1,0,3,19,11.4,+17
51,43,2024-02-06,24-343,DAL,@,BRK,1,17,W (+12),1,1,43:01,13,27,.481,4,11,.364,5,10,.500,18,9,2,1,3,35,31.9,+6
52,44,2024-02-08,24-345,DAL,@,NYK,3,8,W (+14),0,1,40:09,13,24,.542,7,14,.500,6,7,.857,8,11,4,1,1,39,38.4,+18
53,45,2024-02-10,24-347,DAL,,OKC,3,8,W (+35),0,1,31:18,9,14,.643,4,8,.500,10,13,.769,8,9,0,0,3,32,29.1,+18
54,46,2024-02-12,24-349,DAL,,WAS,5,10,W (+8),1,1,37:17,8,16,.500,2,7,.286,8,11,.727,11,15,1,2,3,26,27.2,+19
55,47,2024-02-14,24-351,DAL,,SAS,5,9,W (+23),0,1,31:19,11,20,.550,1,8,.125,4,4,1.000,9,8,2,1,2,27,22.6,+25
56,48,2024-02-22,24-359,DAL,,PHO,3,9,W (+10),0,1,38:03,14,27,.519,6,11,.545,7,7,1.000,9,11,3,0,4,41,36.5,+9
57,49,2024-02-25,24-362,DAL,@,IND,3,5,L (-22),1,1,33:06,10,21,.476,4,8,.500,9,12,.750,6,6,1,2,4,33,25.3,-13
58,50,2024-02-27,24-364,DAL,@,CLE,1,9,L (-2),0,1,41:16,17,29,.586,6,11,.545,5,5,1.000,9,14,3,0,1,45,45.6,+13
59,51,2024-02-28,25-000,DAL,@,TOR,5,11,W (+11),1,1,35:37,11,23,.478,1,8,.125,7,9,.778,12,16,2,0,3,30,28.5,+11
60,52,2024-03-01,25-002,DAL,@,BOS,2,9,L (-28),3,1,36:33,14,25,.560,3,9,.333,6,8,.750,12,11,0,0,3,37,33.6,-20
61,53,2024-03-03,25-004,DAL,,PHI,7,9,L (-4),2,1,40:17,14,27,.519,4,10,.400,6,6,1.000,11,10,1,0,2,38,29.0,+9
62,54,2024-03-05,25-006,DAL,,IND,5,10,L (-17),0,1,42:48,15,30,.500,4,13,.308,5,6,.833,10,11,0,0,4,39,27.7,-18
63,55,2024-03-07,25-008,DAL,,MIA,4,11,W (+6),0,1,39:33,12,24,.500,7,13,.538,4,4,1.000,11,11,1,0,2,35,30.2,+11
64,56,2024-03-09,25-010,DAL,@,DET,6,10,W (+18),0,1,36:38,13,24,.542,4,13,.308,9,10,.900,10,10,3,2,1,39,35.0,+13
65,57,2024-03-11,25-012,DAL,@,CHI,2,10,W (+35),2,1,33:37,9,23,.391,6,15,.400,3,4,.750,12,14,1,0,2,27,26.5,+34
66,58,2024-03-13,25-014,DAL,,GSW,6,2,W (+10),1,1,29:35,7,18,.389,1,6,.167,6,8,.750,3,9,0,0,0,21,12.0,+14
68,59,2024-03-17,25-018,DAL,,DEN,3,6,W (+2),4,1,40:08,12,27,.444,5,11,.455,8,10,.800,10,3,2,0,3,37,26.6,-1
69,60,2024-03-19,25-020,DAL,@,SAS,4,10,W (+6),0,1,40:26,6,27,.222,2,12,.167,4,5,.800,10,16,1,0,0,18,12.3,+5
70,61,2024-03-21,25-022,DAL,,UTA,4,8,W (+16),1,1,34:40,11,23,.478,4,10,.400,8,12,.667,9,8,4,0,2,34,28.6,-3
71,62,2024-03-25,25-026,DAL,@,UTA,4,10,W (+10),2,1,41:11,10,24,.417,2,11,.182,7,8,.875,12,13,1,1,3,29,25.8,+10
72,63,2024-03-26,25-027,DAL,@,SAC,4,10,W (+36),1,1,31:41,10,18,.556,4,8,.500,4,5,.800,11,6,2,0,4,28,23.3,+18
73,64,2024-03-29,25-030,DAL,@,SAC,5,9,W (+4),0,1,40:52,6,14,.429,4,8,.500,10,14,.714,9,12,2,0,2,26,24.3,+6
74,65,2024-03-31,25-032,DAL,@,HOU,4,12,W (+18),0,1,35:12,18,30,.600,9,16,.563,2,5,.400,12,7,2,0,1,47,38.1,+12
75,66,2024-04-02,25-034,DAL,@,GSW,5,11,L (-4),1,1,39:12,11,22,.500,5,11,.455,3,4,.750,12,11,0,0,1,30,24.9,+9
76,67,2024-04-04,25-036,DAL,,ATL,5,12,W (+14),0,1,37:02,8,25,.320,6,15,.400,3,3,1.000,12,8,2,1,3,25,16.4,+21
78,68,2024-04-07,25-039,DAL,,HOU,7,7,W (+11),2,1,45:25,12,21,.571,4,10,.400,9,9,1.000,9,12,0,2,5,37,31.4,+20
79,69,2024-04-09,25-041,DAL,@,CHO,4,10,W (+26),2,1,34:45,13,25,.520,8,17,.471,5,7,.714,12,10,0,1,2,39,33.2,+22
80,70,2024-04-10,25-042,DAL,@,MIA,3,8,W (+19),1,1,35:59,9,23,.391,4,15,.267,7,8,.875,9,9,0,0,4,29,20.9,+7
